ip,anonymityLevel,asn,country,isp,latency,org,port,protocols,responseTime,speed,updated_at,upTime,upTimeSuccessCount,upTimeTryCount
"103.240.33.177","elite","AS132923","IN","Vihaan Telecommunication Pvt. Ltd.","138","Vihaan","8291","socks4","2198","1","2023-09-30T02:04:12.439Z","99","4132","4175"
"103.251.222.1","elite","AS58972","IN","BHOMIKA","190","Bhomika","4145","socks4","2891","1","2023-09-30T02:04:12.240Z","100","4019","4039"
"103.121.62.14","elite","AS138146","BD","North Bengal Online","185","North Bengal Online","5678","socks4","4312","1","2023-09-30T02:04:10.532Z","99","4090","4118"
"185.6.10.137","elite","AS12552","SE","GlobalConnect AB","32","Internet Vikings International AB","62458","socks4","3702","1","2023-09-30T02:04:10.474Z","100","4028","4029"
"104.248.20.36","elite","AS14061","DE","DigitalOcean, LLC","23","DigitalOcean, LLC","9050","socks4","5108","1","2023-09-30T02:04:09.737Z","100","4092","4092"
"46.29.116.6","elite","AS44963","RU","KMVtelecom","72","Joint Stock company \"KMVtelecom\"","4145","socks4","4603","1","2023-09-30T02:04:09.834Z","100","4177","4190"
"200.58.181.218","elite","AS25620","BO","Cotas Ltda.","213","Universidad Autonoma Gabriel Rene Moreno","4153","socks4","4795","1","2023-09-30T02:04:09.739Z","80","3260","4090"
"43.239.75.193","elite","AS133443","BD","COL","182","N/A","4145","socks4","5291","1","2023-09-30T02:04:09.743Z","99","3947","3997"
"119.18.158.130","elite","AS55685","ID","PT. Jala Lintas Media","186","N/A","4153","socks4","4694","1","2023-09-30T02:04:07.733Z","99","4154","4176"
"78.186.98.148","elite","AS9121","TR","TurkTelecom","90","N/A","1080","socks4","4985","2","2023-09-30T02:04:06.539Z","94","3771","4022"
"103.35.109.138","elite","AS23991","BD","Ranks ITT","168","Ranks ITT Ltd.","4145","socks4","4686","1","2023-09-30T02:04:06.541Z","99","4097","4118"
"70.90.67.139","elite","AS33661","US","Comcast Cable Communications, LLC","193","Comcast Cable Communications, LLC","54321","socks4","4998","1","2023-09-30T02:04:05.147Z","98","4061","4129"
"182.160.3.125","elite","AS136907","HK","Huawei International Pte. LTD","299","N/A","1080","socks5","2099","1","2023-09-30T02:04:05.533Z","68","2835","4167"
"103.124.137.158","elite","AS138089","ID","Global Media Data Prima","195","N/A","1080","socks4","4589","1","2023-09-30T02:04:04.251Z","36","1465","4117"
"198.98.49.197","elite","AS53667","US","FranTech Solutions","91","FranTech Solutions","30346","socks4","4601","1","2023-09-30T02:04:02.140Z","100","4145","4153"
"165.231.101.229","elite","AS41564","NL","Orion Network Limited","91","Fiber Grid","80","socks5","4981","1","2023-09-30T02:04:02.137Z","100","4098","4100"
"14.207.201.149","elite","AS45629","TH","Triple T Broadband Public Company Limited","204","Triple T Broadband Public Company Limited","8080","socks4","4000","1","2023-09-30T02:04:02.136Z","99","4077","4114"
"203.32.120.195","elite","AS209242","VG","Cloudflare London, LLC","11","Anaga Consulting Limited","80","socks4","2690","1","2023-09-30T02:04:02.134Z","100","4137","4139"
"50.116.8.96","elite","AS63949","US","Akamai Technologies, Inc.","183","Linode","17477","socks5","4900","1","2023-09-30T02:04:02.139Z","100","4021","4024"
"186.219.96.12","elite","AS262420","BR","Cabonnet Internet Ltda","213","Cabonnet Internet Ltda","52017","socks4","4407","1","2023-09-30T02:04:00.042Z","99","4086","4110"
"159.65.4.147","elite","AS14061","SG","DigitalOcean, LLC","190","DigitalOcean, LLC","7497","socks5","2583","83","2023-09-30T02:03:58.749Z","94","3840","4087"
"211.201.161.125","elite","AS9318","KR","SK Broadband Co Ltd","294","broadNnet","1080","socks4","3597","1","2023-09-30T02:03:58.751Z","100","4036","4041"
"159.65.243.101","elite","AS14061","US","DigitalOcean, LLC","94","Digital Ocean","54321","socks4","4793","1","2023-09-30T02:03:57.347Z","100","4036","4053"
"66.207.184.73","elite","AS7029","US","Windstream Communications LLC","161","Voce Telecom, LLC","5432","socks4","5010","1","2023-09-30T02:03:57.346Z","98","3931","4010"
"103.47.93.194","elite","AS134058","IN","Broban Internet Services Pvt.ltd","186","Broban  PVT Ltd.","1080","socks4","3193","82","2023-09-30T02:03:57.340Z","99","4127","4155"
"46.227.39.1","elite","AS51155","PL","TB Telecom Sp. z o. o.","39","Telemedian","1088","socks4","3890","1","2023-09-30T02:03:57.444Z","100","4014","4025"
"196.0.111.194","elite","AS21491","UG","Uganda Telecom Ltd","197","UTL","48009","socks4","5199","1","2023-09-30T02:03:55.146Z","95","3967","4161"
"60.12.57.140","elite","AS4837","CN","CNC Group CHINA169 Zhejiang Province Network","174","N/A","7302","socks5","4984","1","2023-09-30T02:03:55.149Z","86","3550","4131"
"38.127.179.19","elite","AS174","US","Cogent Communications","78","Torlandia Trading SRL","55994","socks5","5009","1","2023-09-30T02:03:51.438Z","100","4082","4086"
"212.103.119.24","elite","AS57044","RU","CJSC \"ER-Telecom Holding\" Bryansk branch","188","JSC \"ER-Telecom Holding\" Bryansk Branch","1080","socks5","4189","1","2023-09-30T02:03:51.335Z","96","3827","3993"
"159.192.145.153","elite","AS131090","TH","CAT-BB","282","N/A","5678","socks4","4497","1","2023-09-30T02:03:51.336Z","36","1485","4101"
"70.32.25.146","elite","AS55293","US","A2 Hosting, Inc.","100","A2 Hosting, Inc.","36546","socks4","4696","1","2023-09-30T02:03:51.733Z","100","4015","4022"
"147.182.138.236","elite","AS14061","US","DigitalOcean, LLC","111","DigitalOcean, LLC","53846","socks4","4892","1","2023-09-30T02:03:51.633Z","99","3995","4043"
"103.82.11.237","elite","AS136156","BD","FNF Online","182","N/A","4153","socks4","4389","1","2023-09-30T02:03:48.050Z","99","4071","4112"
"147.182.239.59","elite","AS14061","US","DigitalOcean, LLC","153","DigitalOcean, LLC","60880","socks5","4316","1","2023-09-30T02:03:48.047Z","77","3126","4084"
"47.110.59.192","elite","AS37963","CN","Hangzhou Alibaba Advertising Co","291","Aliyun Computing Co., LTD","9999","socks5","5103","1","2023-09-30T02:03:44.637Z","44","1793","4099"
"113.103.52.2","elite","AS4134","CN","Chinanet","217","Chinanet GD","38801","socks4","4999","86","2023-09-30T02:03:44.543Z","49","1990","4053"
"88.255.185.233","elite","AS9121","TR","Turk Telekomunikasyon Anonim Sirketi","84","Hatnet Bilgi Iletisim Teknolojileri ve Ticared LTD","1082","socks4","5014","1","2023-09-30T02:03:44.650Z","15","610","4076"
"36.75.16.40","elite","AS7713","ID","PT. TELKOM INDONESIA","286","N/A","4153","socks5","5105","90","2023-09-30T02:03:44.546Z","81","3272","4033"
"220.130.230.244","elite","AS3462","TW","Chunghwa Telecom Co., Ltd.","218","Chunghwa Telecom Co. Ltd.","1080","socks4","5098","1","2023-09-30T02:03:41.142Z","93","3752","4033"
"101.51.88.247","elite","AS23969","TH","TOT Public Company Limited","193","TOT Public Company Limited","4145","socks4","4700","1","2023-09-30T02:03:41.138Z","64","2651","4122"
"104.19.5.247","elite","AS13335","CA","Cloudflare, Inc.","2","Cloudflare, Inc.","80","socks4","4890","1","2023-09-30T02:03:41.145Z","100","4110","4110"
"110.232.249.172","elite","AS45232","IN","Spacenet  PVT LTD","172","509 Jaina tower 1st District Center","51327","socks4","5008","1","2023-09-30T02:03:41.239Z","76","3061","4035"
"188.138.179.13","elite","AS31252","MD","StarNet Solutii SRL","98","SC Starnet SRL","4153","socks4","4914","1","2023-09-30T02:03:41.139Z","84","3476","4126"
"110.78.141.219","elite","AS131090","TH","CAT-BB","300","N/A","4145","socks4","5007","1","2023-09-30T02:03:41.143Z","68","2798","4118"
"103.9.134.148","elite","AS9832","BD","Information Services Network Ltd","298","ISN Gazipur","5678","socks4","4807","1","2023-09-30T02:03:37.238Z","96","3996","4146"
"45.65.229.19","elite","AS262617","BR","UWBR VOX Telecomunicações S/A","239","MARGOTTO TELECOMUNICAÇÕES S/A","4145","socks4","614","1","2023-09-30T02:03:37.235Z","95","3891","4091"
"202.43.112.34","elite","AS45325","ID","PC24NET","282","N/A","4145","socks4","3797","1","2023-09-30T02:03:37.236Z","81","3282","4068"
"178.162.202.44","elite","AS28753","DE","Leaseweb Deutschland GmbH","95","Leaseweb Deutschland GmbH","2261","socks4","4695","1","2023-09-30T02:03:37.249Z","100","4153","4155"
"123.145.4.15","elite","AS4837","CN","CNC Group CHINA169 Chongqing Province Network","289","N/A","53309","socks5","4793","1","2023-09-30T02:03:37.151Z","57","2354","4139"
"93.43.193.230","elite","AS12874","IT","Fastweb SpA","34","Fastweb Internet NGA","8080","socks4","4693","1","2023-09-30T02:03:37.239Z","79","3269","4158"
"119.28.73.226","elite","AS132203","HK","ComsenzNet","240","Tencent cloud computing (Beijing) Co., Ltd.","30002","socks4","4391","1","2023-09-30T02:03:33.335Z","100","4042","4057"
"103.84.134.1","elite","AS136238","MV","SatLink Pvt Ltd","189","SatLink Pvt Ltd","1080","socks4","4203","1","2023-09-30T02:03:33.337Z","100","4168","4181"
"202.124.46.101","elite","AS9902","KH","NeocomISP Limited","205","NeocomISP Limited","4145","socks4","2695","1","2023-09-30T02:03:33.250Z","100","4112","4131"
"172.67.14.237","elite","AS13335","CA","Cloudflare, Inc.","2","Cloudflare, Inc.","80","socks4","5086","1","2023-09-30T02:03:30.040Z","100","4098","4101"
"138.97.0.87","elite","AS262346","BR","FP Telecomunicacoes Ltda","204","FP Telecomunicacoes Ltda","4145","socks4","5106","1","2023-09-30T02:03:30.035Z","75","3078","4085"
"46.227.37.73","elite","AS51155","PL","Telemedian - TB Telecom","86","Telemedian","51155","socks4","4786","1","2023-09-30T02:03:30.134Z","100","4084","4097"
"104.16.108.234","elite","AS137554","CA","Cloudflare, Inc.","2","Cloudflare, Inc.","80","socks4","1596","1","2023-09-30T02:03:30.036Z","100","4114","4115"
"201.159.8.126","elite","AS263778","AR","Coop. Serv. Pub. Limit. Tres Arroyos, CELTA","234","Coop. Serv. Pub. Limit. Tres Arroyos, CELTA","5678","socks4","4697","1","2023-09-30T02:03:30.037Z","98","4021","4122"
"104.21.80.83","elite","AS13335","CA","Cloudflare, Inc.","81","Cloudflare, Inc.","80","socks5","4685","1","2023-09-30T02:03:30.034Z","100","4069","4069"
"188.166.220.186","elite","AS14061","SG","DigitalOcean, LLC","192","Digitalocean","50001","socks5","5199","1","2023-09-30T02:03:29.951Z","100","4140","4140"
"194.59.170.116","elite","AS64458","IR","Mizban Dade Pasargad","95","Mizban Dade Pasargad LLC","1080","socks5","3603","1","2023-09-30T02:03:26.039Z","90","3659","4078"
"81.46.202.112","elite","AS16371","ES","acens Technologies, S.L.","99","ACENS-TELEFONICA","8080","socks4","4800","1","2023-09-30T02:03:26.139Z","100","4082","4084"
"67.43.42.117","elite","AS20473","US","The Constant Company, LLC","98","IPXO","8080","socks4","4893","1","2023-09-30T02:03:26.041Z","100","4021","4025"
"66.42.63.207","elite","AS20473","SG","Choopa","188","N/A","13802","socks5","3805","1","2023-09-30T02:03:26.044Z","99","4035","4074"
"186.251.255.245","elite","AS267513","BR","Seanet Telecom Carazinho Eireli","288","Seanet Telecom Carazinho Eireli","31337","socks4","3491","1","2023-09-30T02:03:21.441Z","80","3299","4110"
"167.71.184.82","elite","AS14061","US","DigitalOcean, LLC","85","DigitalOcean, LLC","37908","socks4","5092","1","2023-09-30T02:03:21.450Z","100","4040","4047"
"109.73.189.36","elite","AS49924","IT","ECROM-MAIN","39","N/A","5678","socks4","3996","82","2023-09-30T02:03:21.446Z","82","3409","4151"
"209.141.33.219","elite","AS53667","US","FranTech Solutions","191","FranTech Solutions","9092","socks5","4089","1","2023-09-30T02:03:21.448Z","100","4059","4069"
"197.234.13.62","elite","AS36902","SC","Intelvision","181","Intelvision Ltd","4145","socks4","4798","1","2023-09-30T02:03:21.438Z","100","4157","4167"
"87.121.18.154","elite","AS34569","BG","Networx-Bulgaria Ltd.","46","Networx ltd.","5678","socks4","5009","1","2023-09-30T02:03:17.545Z","67","2698","4056"
"5.189.146.59","elite","AS51167","DE","Contabo GmbH","84","Contabo GmbH","55808","socks5","2296","1","2023-09-30T02:03:17.540Z","99","4038","4097"
"110.78.147.107","elite","AS131090","TH","CAT-BB","287","N/A","4145","socks4","5106","1","2023-09-30T02:03:17.547Z","74","3037","4111"
"177.125.206.157","elite","AS262346","BR","FP Telecomunicacoes Ltda","205","FP Telecomunicacoes Ltda","4145","socks4","4792","1","2023-09-30T02:03:17.541Z","80","3195","3975"
"47.254.241.21","elite","AS45102","MY","Alibaba (US) Technology Co., Ltd.","156","Alibaba.com LLC","21491","socks4","4893","1","2023-09-30T02:03:17.548Z","93","3735","4023"
"213.135.234.101","elite","AS6661","LU","POST Luxembourg","39","EPT","4153","socks4","5205","1","2023-09-30T02:03:15.680Z","100","4032","4045"
"54.36.183.52","elite","AS16276","FR","OVH SAS","6","OVH","9173","socks5","4906","1","2023-09-30T02:03:14.243Z","88","3497","3975"
"36.95.48.45","elite","AS7713","ID","PT. Telekomunikasi Indonesia","199","Telekomunikasi Indonesia","1080","socks4","4697","1","2023-09-30T02:03:14.145Z","98","4084","4166"
"104.19.109.209","elite","AS13335","CA","Cloudflare, Inc.","2","Cloudflare, Inc.","80","socks5","1699","1","2023-09-30T02:03:14.147Z","100","4006","4006"
"5.9.173.18","elite","AS24940","DE","Hetzner Online GmbH","97","N/A","30000","socks4","5097","1","2023-09-30T02:03:14.244Z","98","3959","4058"
"179.107.61.23","elite","AS262346","BR","FP Telecomunicacoes Ltda","206","FP Telecomunicacoes Ltda","4145","socks4","4493","1","2023-09-30T02:03:10.442Z","80","3220","4004"
"130.185.213.146","elite","AS48917","BG","Optinet Ltd","47","Optinet Ltd","5678","socks4","2297","1","2023-09-30T02:03:10.440Z","99","4059","4094"
"176.57.189.116","elite","AS51167","DE","Contabo GmbH","14","Contabo GmbH","10898","socks4","4400","1","2023-09-30T02:03:10.437Z","100","4067","4068"
"91.90.16.211","elite","AS13307","UA","SKIF","54","SKIF ISP Ltd.","1080","socks4","1159","1","2023-09-30T02:03:10.432Z","96","3932","4115"
"177.91.76.34","elite","AS263432","BR","Corporativa Telecomunicacoes Eireli ME","195","Corporativa Telecomunicacoes Eireli ME","4153","socks4","4595","1","2023-09-30T02:03:10.438Z","92","3779","4130"
"218.1.200.180","elite","AS4812","CN","China Telecom","305","N/A","57114","socks5","6114","1","2023-09-30T02:03:06.545Z","45","1832","4094"
"96.70.52.227","elite","AS33491","US","Comcast Cable Communications, LLC","184","Comcast Cable Communications, LLC","48324","socks4","5095","1","2023-09-30T02:03:06.547Z","100","4111","4114"
"110.78.149.186","elite","AS131090","TH","CAT-BB","300","N/A","4145","socks4","5201","1","2023-09-30T02:03:06.545Z","72","2930","4053"
"179.107.61.81","elite","AS262346","BR","FP Telecomunicacoes Ltda","203","FP Telecomunicacoes Ltda","4145","socks4","4710","1","2023-09-30T02:03:06.546Z","77","3219","4159"
"37.75.112.35","elite","AS8926","MD","JSC \"Moldtelecom\" S.A.","94","JSC Moldtelecom S.A.","4153","socks4","4405","2","2023-09-30T02:03:06.638Z","98","4072","4146"
"38.127.179.16","elite","AS174","US","Cogent Communications","97","Torlandia Trading SRL","55994","socks5","2393","1","2023-09-30T02:03:06.639Z","100","3988","3994"
"185.67.100.105","elite","AS34636","IR","Laser Company Ltd","112","Laser IDC","4153","socks4","4899","1","2023-09-30T02:03:02.643Z","100","4085","4104"
"213.136.82.183","elite","AS51167","DE","Contabo GmbH","16","Contabo GmbH","43052","socks5","5293","1","2023-09-30T02:03:02.644Z","88","3637","4119"
"115.127.121.194","elite","AS24342","BD","BRACNet Limited","177","BRACNet Limited","5678","socks4","604","1","2023-09-30T02:03:02.644Z","99","4079","4124"
"1.10.238.254","elite","AS23969","TH","TOT Public Company Limited","151","TOT Public Company Limited","4145","socks4","2092","2","2023-09-30T02:03:02.638Z","57","2304","4047"
"46.105.108.208","elite","AS16276","FR","OVH SAS","5","OVH ISP","28477","socks5","4408","1","2023-09-30T02:03:00.490Z","100","4152","4152"
"121.141.50.246","elite","AS4766","KR","Korea Telecom","298","Kornet","5678","socks4","930","1","2023-09-30T02:03:00.476Z","29","1182","4084"
"128.199.59.76","elite","AS14061","NL","DigitalOcean, LLC","12","DigitalOcean, LLC","29321","socks5","5095","1","2023-09-30T02:03:00.489Z","99","4107","4143"
"110.78.146.11","elite","AS131090","TH","CAT-BB","291","N/A","4145","socks4","150","1","2023-09-30T02:03:00.390Z","85","3521","4162"
"103.212.95.253","elite","AS138312","IN","Best Telnet Services Private Limited","180","Best telnet services private limited","41363","socks4","4896","1","2023-09-30T02:03:00.477Z","99","4107","4128"
"185.25.119.98","elite","AS200000","UA","Hosting Ukraine LTD","46","new Hosting","43725","socks5","5001","3","2023-09-30T02:03:00.489Z","100","3977","3979"
"186.251.255.65","elite","AS267513","BR","Seanet Telecom Carazinho Eireli","213","Seanet Telecom Carazinho Eireli","31337","socks4","498","1","2023-09-30T02:03:00.476Z","100","4108","4125"
"117.102.224.38","elite","AS23756","ID","PT Padi Internet","297","N/A","1080","socks4","4605","1","2023-09-30T02:03:00.474Z","100","4135","4142"
"202.137.141.183","elite","AS9873","LA","Lao Telecommunication Co Ltd","297","Laotelecom","5678","socks4","5095","1","2023-09-30T02:03:00.475Z","96","3953","4097"
"175.6.140.135","elite","AS63835","CN","No.293, Wanbao Avenue","299","Chinanet HN","38801","socks5","5013","1","2023-09-30T02:02:58.335Z","82","3404","4137"
"158.58.133.38","elite","AS47586","RU","Dmitriy V. Kozmenko","78","Business-Svyaz TM","5678","socks4","1402","1","2023-09-30T02:02:58.350Z","97","4045","4153"
"183.89.41.115","elite","AS45629","TH","Triple T Broadband Public Company Limited","175","Triple T Broadband Public Company Limited","5678","socks4","4294","1","2023-09-30T02:02:58.334Z","98","3965","4063"
"80.78.23.20","elite","AS39287","SE","ab stract","99","ab stract","80","socks4","5100","1","2023-09-30T02:02:54.034Z","92","3813","4159"
"185.126.40.232","elite","AS49100","IR","Pishgaman Toseeh Ertebatat Company (Private Joint Stock)","192","User","4153","socks4","5013","1","2023-09-30T02:02:53.839Z","95","3939","4151"
"103.102.219.25","elite","AS137038","BD","Zubair IT Expert","200","zubairitexpert","44550","socks4","4517","1","2023-09-30T02:02:53.833Z","100","4132","4148"
"202.159.35.189","elite","AS9340","ID","PT IndoInternet","203","N/A","443","socks4","4802","1","2023-09-30T02:02:53.837Z","100","4069","4079"
"209.250.248.127","elite","AS20473","NL","The Constant Company, LLC","11","Vultr Holdings LLC Amsterdam","45534","socks5","4806","1","2023-09-30T02:02:53.836Z","14","589","4099"
"221.167.75.138","elite","AS4766","KR","Korea Telecom","289","Kornet","5156","socks4","3187","1","2023-09-30T02:02:50.250Z","100","3947","3954"
"102.69.146.181","elite","AS328451","NG","IP Express Ltd","185","N/A","5678","socks4","5008","2","2023-09-30T02:02:50.342Z","86","3486","4076"
"93.40.5.232","elite","AS12874","IT","Fastweb SpA","35","FASTWEB VULA Statico","5678","socks4","5099","1","2023-09-30T02:02:46.735Z","100","4030","4048"
"70.32.25.147","elite","AS55293","US","A2 Hosting, Inc.","90","A2 Hosting, Inc.","36546","socks4","4416","1","2023-09-30T02:02:46.732Z","100","4025","4030"
"202.183.24.38","elite","AS131736","ID","BIGNET","990","N/A","5678","socks4","236","1","2023-09-30T02:02:46.736Z","64","2607","4098"
"203.76.121.237","elite","AS23688","BD","Link3 Technologies Limited","197","Corporate Subscriber","4145","socks4","2807","1","2023-09-30T02:02:46.734Z","97","3999","4117"
"163.172.84.25","elite","AS12876","FR","Online S.A.S.","1","ONLINE","9741","socks4","4793","1","2023-09-30T02:02:46.736Z","96","3979","4140"
"118.173.197.241","elite","AS23969","TH","TOT Public Company Limited","188","TOT Public Company Limited","4145","socks4","5009","1","2023-09-30T02:02:45.583Z","99","4086","4120"
"45.7.210.193","elite","AS265729","AR","Cooperativa de Servicios Públicos de Porteña LTDA","241","Cooperativa de Servicios Públicos de Porteña LTDA","4153","socks4","4601","1","2023-09-30T02:02:44.375Z","99","4063","4088"
"88.248.2.160","elite","AS47331","TR","TurkTelecom","66","Turk Telekomunikasyon A.S","5678","socks4","5097","1","2023-09-30T02:02:44.376Z","91","3768","4147"
"103.242.104.243","elite","AS58821","ID","PT Lintas Jaringan Nusantara","193","PT Lintas Jaringan Nusantara","5678","socks4","5091","3","2023-09-30T02:02:44.377Z","99","4082","4132"
"69.163.160.228","elite","AS26347","US","New Dream Network, LLC","152","New Dream Network, LLC","23787","socks5","3493","1","2023-09-30T02:02:44.290Z","100","4029","4031"
"27.123.1.35","elite","AS45706","ID","PT Tele Globe Global","194","N/A","4153","socks4","4606","1","2023-09-30T02:02:44.374Z","100","4024","4036"
"158.140.173.212","elite","AS63859","ID","MYREPUBLIC","198","N/A","44550","socks4","2807","1","2023-09-30T02:02:42.943Z","98","3994","4084"
"45.125.222.97","elite","AS63526","BD","Carnival Internet","196","N/A","47239","socks4","599","1","2023-09-30T02:02:42.941Z","100","4009","4028"
"222.124.130.195","elite","AS7713","ID","Telekomunikasi Indonesia","200","PT. TELKOM INDONESIA","4145","socks4","2406","1","2023-09-30T02:02:42.942Z","89","3636","4091"
"187.122.105.181","elite","AS28573","BR","Claro NXT Telecomunicacoes Ltda","289","Claro NXT Telecomunicacoes Ltda","4153","socks4","1609","1","2023-09-30T02:02:42.945Z","97","4052","4173"
"103.82.11.233","elite","AS136156","BD","FNF Online","193","N/A","4153","socks4","1301","1","2023-09-30T02:02:42.940Z","99","4093","4135"
"103.211.8.189","elite","AS135691","IN","Cloudlasers Broadband","189","N/A","44581","socks4","5092","1","2023-09-30T02:02:39.148Z","100","4133","4140"
"185.22.31.227","elite","AS50810","IR","Mobin Net Communication Company (Private Joint Stock)","112","Mobin Net Communication Company (Private Joint Stock)","4153","socks4","1211","1","2023-09-30T02:02:39.148Z","98","4098","4165"
"177.38.5.51","elite","AS52964","BR","FÁBIO MENDES DIAS LTDA ME","204","FÁBIO MENDES DIAS LTDA ME","4153","socks4","5089","1","2023-09-30T02:02:39.141Z","91","3789","4162"
"80.80.152.123","elite","AS12829","BG","Angel Soft OOD","83","N/A","5678","socks4","4800","1","2023-09-30T02:02:39.144Z","99","4149","4182"
"45.81.225.94","elite","AS204601","NL","Zomro B.V.","100","On-line Data LTD","30001","socks5","4996","1","2023-09-30T02:02:39.241Z","5","192","4072"
"110.78.152.196","elite","AS131090","TH","CAT-BB","294","N/A","5678","socks4","1591","1","2023-09-30T02:02:39.140Z","72","2951","4112"
"36.89.253.7","elite","AS7713","ID","PT. Telekomunikasi Indonesia","223","Telekomunikasi Indonesia","5678","socks4","5200","1","2023-09-30T02:02:39.142Z","87","3496","4020"
"38.127.179.34","elite","AS174","US","Cogent Communications","78","Torlandia Trading SRL","11537","socks5","5094","1","2023-09-30T02:02:35.948Z","100","4056","4065"
"68.183.44.44","elite","AS14061","GB","DigitalOcean, LLC","17","DigitalOcean, LLC","80","socks4","5086","1","2023-09-30T02:02:35.851Z","100","4046","4047"
"212.154.251.210","elite","AS50482","KZ","JSC Kazakhtelecom","196","Limited liability company","5678","socks4","4894","1","2023-09-30T02:02:32.340Z","99","4058","4111"
"175.101.18.21","elite","AS17754","IN","ExcellMedia Pvt Ltd","183","Excell Media Pvt Ltd","5678","socks4","5497","1","2023-09-30T02:02:32.346Z","100","4153","4172"
"187.210.68.101","elite","AS8151","MX","Uninet S.A. de C.V.","187","UNINET","7497","socks5","4701","1","2023-09-30T02:02:32.342Z","94","3767","3999"
"89.237.33.225","elite","AS20485","RU","multi-origin SUTTK","67","N/A","51549","socks4","985","1","2023-09-30T02:02:32.435Z","99","4043","4093"
"221.225.152.167","elite","AS4134","CN","CHINANET jiangsu province network","291","N/A","24166","socks5","4792","1","2023-09-30T02:02:32.341Z","54","2219","4102"
"175.100.72.95","elite","AS38623","KH","VIETTEL (CAMBODIA) PTE., LTD","186","Viettel (cambodia) Pte., Ltd.","55360","socks4","4898","1","2023-09-30T02:02:32.433Z","96","3844","3990"
"114.254.92.176","elite","AS4808","CN","China Unicom Beijing Province Network","192","N/A","1080","socks5","5384","1","2023-09-30T02:02:32.344Z","30","1220","4081"
"125.25.43.217","elite","AS23969","TH","TOT Public Company Limited","194","TOT Public Company Limited","4145","socks4","5005","1","2023-09-30T02:02:29.476Z","55","2277","4144"
"110.87.13.5","elite","AS4134","CN","Chinanet","218","Chinanet FJ","23456","socks5","2112","6","2023-09-30T02:02:29.477Z","66","2732","4170"
"162.12.217.4","elite","AS204902","FR","Weelax","118","XIWO","3629","socks4","4800","1","2023-09-30T02:02:29.478Z","98","4074","4142"
"83.220.176.230","elite","AS34456","RU","Rial Com JSC","99","JSC clients network","4145","socks4","5084","1","2023-09-30T02:02:29.477Z","36","1482","4148"
"43.154.173.221","elite","AS132203","HK","Shenzhen Tencent Computer Systems Company Limited","240","Tencent Cloud Computing","1080","socks4","5000","1","2023-09-30T02:02:28.841Z","97","4064","4185"
"38.127.173.193","elite","AS174","US","Cogent Communications","79","Torlandia Trading SRL","11537","socks4","4904","1","2023-09-30T02:02:28.937Z","100","4046","4051"
"103.239.200.226","elite","AS17970","PH","Sky Cable Corporation","237","TRI PH","1337","socks4","5000","1","2023-09-30T02:02:28.844Z","98","4035","4136"
"201.251.155.249","elite","AS22927","AR","Telefonica de Argentina","297","Cooperativa Telefonica OYIKIL LTDA","5678","socks4","5006","1","2023-09-30T02:02:24.245Z","99","3994","4038"
"202.61.251.201","elite","AS197540","DE","netcup GmbH","97","netcup GmbH","9097","socks4","1498","1","2023-09-30T02:02:24.348Z","98","4100","4179"
"177.12.178.37","elite","AS263033","BR","Linxbr Telecomunicacoes Ltda","200","Linkli Telecomunicacoes Ltda","4153","socks4","4904","1","2023-09-30T02:02:24.248Z","100","4144","4162"
"89.237.32.66","elite","AS20485","RU","multi-origin SUTTK","74","N/A","51549","socks4","2307","1","2023-09-30T02:02:24.244Z","99","4107","4157"
"172.85.108.70","elite","AS11325","US","Host Wagon LLC","79","N/A","23213","socks5","4996","1","2023-09-30T02:02:24.336Z","100","4008","4013"
"68.183.88.14","elite","AS14061","IN","DigitalOcean, LLC","193","DigitalOcean, LLC","7497","socks5","387","1","2023-09-30T02:02:20.947Z","96","3980","4162"
"197.234.13.44","elite","AS36902","SC","Intelvision","183","Intelvision Ltd","4145","socks4","3602","1","2023-09-30T02:02:20.950Z","100","4085","4098"
"36.95.56.66","elite","AS7713","ID","PT. Telekomunikasi Indonesia","200","Telekomunikasi Indonesia","5678","socks4","5285","1","2023-09-30T02:02:20.948Z","99","3982","4038"
"14.207.82.196","elite","AS45629","TH","Triple T Broadband Public Company Limited","288","Triple T Broadband Public Company Limited","4153","socks4","4990","1","2023-09-30T02:02:20.943Z","98","3929","4008"
"79.141.160.83","elite","AS202015","US","HZ Hosting Ltd","94","HZ Na21","15160","socks4","2090","1","2023-09-30T02:02:17.548Z","41","1671","4074"
"178.250.70.218","elite","AS51580","IT","Timenet SPA","92","Time-net S.R.L","1088","socks4","4893","1","2023-09-30T02:02:17.632Z","97","4021","4144"
"5.135.178.153","elite","AS16276","FR","OVH SAS","5","OVH","26506","socks4","4301","1","2023-09-30T02:02:17.835Z","100","4092","4092"
"131.0.143.1","elite","AS61885","BR","Mgnetmoc Ltda","219","Mgnetmoc Ltda","4145","socks4","4999","1","2023-09-30T02:02:14.341Z","99","4062","4119"
"185.81.106.52","elite","AS197099","PL","Multinet 24 Sp. z o.o","27","Multinet24 Sp.zoo","3629","socks4","4798","78","2023-09-30T02:02:14.339Z","100","4123","4141"
"50.47.75.220","elite","AS20055","US","Wholesail networks LLC","199","Ziply Fiber","5678","socks4","4906","1","2023-09-30T02:02:13.883Z","98","3958","4048"
"182.107.180.34","elite","AS4134","CN","Chinanet","285","Chinanet JX","31239","socks4","1192","1","2023-09-30T02:02:13.882Z","30","1237","4061"
"185.157.109.5","elite","AS202652","EE","SkyLive Telecom ldt","80","Elevi","5678","socks4","3518","1","2023-09-30T02:02:13.883Z","100","4057","4077"
"103.87.201.135","elite","AS58369","ID","PT. Fiber Networks Indonesia","197","PT. GARANSINDO INTER GLOBAL","4145","socks4","4102","1","2023-09-30T02:02:12.593Z","98","4000","4100"
"185.171.54.29","elite","AS44285","IR","Shahrad","191","N/A","4153","socks4","3303","1","2023-09-30T02:02:12.597Z","95","3966","4172"
"46.148.45.119","elite","AS43395","IR","Pooya Parto Qeshm Cooperative Company","185","PartPayam Shahin Shahr ISP","5678","socks4","4900","1","2023-09-30T02:02:12.597Z","92","3697","4035"
"80.116.152.53","elite","AS3269","IT","Telecom Italia S.p.A. TIN EASY LITE","97","INTERBUSINESS","3744","socks4","5108","1","2023-09-30T02:02:10.935Z","90","3583","3983"
"41.203.252.118","elite","AS36902","SC","Intelvision","169","Intelvision Ltd","3128","socks5","5001","1","2023-09-30T02:02:10.850Z","99","4081","4115"
"5.188.4.100","elite","AS202422","BR","G-Core Labs S.A","197","GCL","80","socks5","3401","1","2023-09-30T02:02:10.933Z","49","2001","4046"
"142.93.113.81","elite","AS14061","US","DigitalOcean, LLC","83","DigitalOcean, LLC","7497","socks5","5093","1","2023-09-30T02:02:10.946Z","100","4069","4085"
"103.120.135.229","elite","AS38235","KH","Angkor Data Communication","286","N/A","33427","socks5","4702","1","2023-09-30T02:02:10.934Z","99","3970","4005"
"196.196.160.211","elite","AS57858","IT","Inter Connects Inc","96","Fiber Grid","80","socks4","4094","1","2023-09-30T02:02:10.845Z","97","4033","4138"
"24.7.10.171","elite","AS33651","US","Comcast Cable Communications, LLC","186","Comcast Cable Communications","2758","socks4","4608","1","2023-09-30T02:02:07.345Z","49","2024","4140"
"171.97.107.187","elite","AS17552","TH","True Internet Corporation CO. Ltd.","190","Truenet Hisp","4145","socks4","3801","1","2023-09-30T02:02:07.341Z","53","2129","4049"
"103.59.203.209","elite","AS134014","IN","NET 4 U SERVICES PVT LTD","120","NET 4 U Services PVT LTD","4145","socks4","5095","2","2023-09-30T02:02:07.342Z","99","4104","4133"
"109.69.0.247","elite","AS21183","AL","Vodafone Network","40","ABCOM Shpk","8741","socks4","5692","1","2023-09-30T02:02:07.440Z","91","3801","4166"
"202.162.197.155","elite","AS23679","ID","Media Antar Nusa PT.","193","Nusanet","5678","socks4","793","1","2023-09-30T02:02:07.346Z","98","3938","4008"
"104.16.107.206","elite","AS13335","CA","Cloudflare, Inc.","2","Cloudflare, Inc.","80","socks4","5195","78","2023-09-30T02:02:03.450Z","100","4157","4159"
"185.207.205.134","elite","AS204196","NL","Abelohost BV","11","Abelohost","8001","socks4","5290","1","2023-09-30T02:02:03.545Z","100","4117","4124"
"167.114.195.82","elite","AS16276","CA","OVH SAS","84","OVH Hosting, Inc","3128","socks5","5005","1","2023-09-30T02:02:03.546Z","100","4117","4117"
"177.38.182.166","elite","AS52971","BR","Micks Telecom Eireli","278","Prefeitura Municipal de Guanambi","5678","socks4","5003","1","2023-09-30T02:02:03.448Z","99","4107","4135"
"45.77.210.72","elite","AS20473","US","The Constant Company","195","Vultr Holdings, LLC","11874","socks5","4808","1","2023-09-30T02:01:59.649Z","55","2224","4061"
"118.172.128.50","elite","AS23969","TH","TOT Public Company Limited","191","TOT Public Company Limited","4145","socks4","5011","1","2023-09-30T02:01:59.745Z","51","2058","4053"
"38.127.172.128","elite","AS174","US","Cogent Communications","87","Torlandia Trading SRL","12697","socks4","4596","1","2023-09-30T02:01:59.645Z","100","4031","4037"
"80.232.253.108","elite","AS12578","LV","LATTELEKOM","89","Bridge Group","4153","socks4","5014","1","2023-09-30T02:01:59.651Z","100","4187","4188"
"43.153.55.205","elite","AS132203","US","Shenzhen Tencent Computer Systems Company Limited","153","Tencent Cloud Computing","443","socks5","5093","1","2023-09-30T02:01:59.644Z","81","3322","4084"
"187.115.160.253","elite","AS18881","BR","TELEFÔNICA BRASIL S.A","179","Global Village Telecom","3629","socks4","131","1","2023-09-30T02:01:59.642Z","57","2359","4139"
"78.186.98.171","elite","AS9121","TR","TurkTelecom","90","N/A","1080","socks4","4810","1","2023-09-30T02:01:56.342Z","91","3662","4024"
"45.196.148.52","elite","AS7018","US","AT&T Services, Inc.","85","AQUA Networks Limited","5432","socks4","4911","1","2023-09-30T02:01:56.288Z","98","3935","4009"
"134.255.228.209","elite","AS197071","ES","StorageBase-FFM","14","N/A","24317","socks4","4895","1","2023-09-30T02:01:56.243Z","100","4033","4034"
"185.233.202.110","elite","AS200740","NL","First Server Limited","80","Firstbyte Hosting","8088","socks4","3799","1","2023-09-30T02:01:56.375Z","99","4043","4087"
"50.47.75.221","elite","AS20055","US","Wholesail networks LLC","188","Ziply Fiber","5678","socks4","363","1","2023-09-30T02:01:56.242Z","98","4064","4155"
"88.198.165.115","elite","AS24940","DE","Hetzner","92","Astrid Stolper + André Malo GbR","48139","socks5","4699","1","2023-09-30T02:01:56.245Z","89","3540","3969"
"99.56.147.242","elite","AS7018","US","AT&T Services, Inc.","198","Private Customer - AT&T Internet Services","7018","socks4","215","1","2023-09-30T02:01:56.287Z","10","406","3978"
"103.194.89.173","elite","AS134319","IN","Elyzium Technologies Pvt. Ltd.","155","Elyzium Technologies Pvt. Ltd.","9898","socks4","5010","1","2023-09-30T02:01:56.246Z","98","4044","4128"
"89.237.32.193","elite","AS20485","RU","multi-origin SUTTK","66","N/A","51549","socks4","4297","1","2023-09-30T02:01:56.289Z","99","4119","4169"
"64.90.52.19","elite","AS26347","US","New Dream Network, LLC","186","New Dream Network, LLC","55552","socks4","4995","1","2023-09-30T02:01:56.376Z","100","4103","4105"
"45.196.150.46","elite","AS7018","US","AT&T Services, Inc.","82","AQUA Networks Limited","5432","socks4","5003","1","2023-09-30T02:01:52.243Z","98","4032","4101"
"103.47.216.19","elite","AS133692","IN","Fastnet Communication Pvt. Ltd","153","Fastnet Communication Pvt. Ltd.","4145","socks4","1304","1","2023-09-30T02:01:52.249Z","98","4083","4151"
"202.124.46.100","elite","AS9902","KH","NeocomISP Limited","205","NeocomISP Limited","4145","socks4","4906","1","2023-09-30T02:01:52.247Z","100","4140","4152"
"216.107.129.72","elite","AS61317","US","Colocation America Corporation","94","Ipxo LLC","10180","socks5","4812","1","2023-09-30T02:01:49.344Z","100","4044","4048"
"61.7.174.64","elite","AS131090","TH","CAT Telecom Public Company Limited","238","National Telecom Public Company Limited","4153","socks4","4586","1","2023-09-30T02:01:49.138Z","82","3278","3986"
"43.154.49.67","elite","AS132203","HK","Shenzhen Tencent Computer Systems Company Limited","245","Tencent Cloud Computing","9999","socks5","5006","1","2023-09-30T02:01:49.136Z","99","3978","4003"
"165.225.110.77","elite","AS53813","JP","ZSCALER, INC.","281","Zscaler, Inc.","10605","socks4","4609","1","2023-09-30T02:01:49.140Z","94","3786","4015"
"36.89.129.213","elite","AS7713","ID","PT. Telekomunikasi Indonesia","212","Telekomunikasi Indonesia","5678","socks4","1101","2","2023-09-30T02:01:49.134Z","70","2845","4084"
"197.234.13.4","elite","AS36902","SC","Intelvision","194","Intelvision Ltd","4145","socks4","1093","1","2023-09-30T02:01:49.137Z","100","3970","3985"
"38.127.173.169","elite","AS174","US","Cogent Communications","92","Torlandia Trading SRL","42908","socks5","4711","1","2023-09-30T02:01:49.343Z","100","4027","4032"
"185.170.233.103","elite","AS206912","CY","Superdach LTD","69","Infra","47574","socks4","413","1","2023-09-30T02:01:49.051Z","100","4100","4108"
"198.27.68.108","elite","AS16276","CA","OVH SAS","86","OVH Hosting, Inc.","19934","socks5","4986","1","2023-09-30T02:01:49.049Z","100","4019","4022"
"46.214.153.223","elite","AS48161","RO","SC NextGen Communications SRL","97","SC NextGen Communications SRL","5678","socks4","1294","1","2023-09-30T02:01:49.141Z","100","4061","4075"
"72.194.234.87","elite","AS22773","US","Cox Communications Inc.","195","Cox Communications Inc.","5678","socks4","3905","1","2023-09-30T02:01:45.539Z","98","3931","4031"
"103.131.18.105","elite","AS138089","ID","PT Global Media Data Prima","195","N/A","1080","socks4","4908","1","2023-09-30T02:01:45.536Z","17","706","4091"
"210.4.194.196","elite","AS13445","US","Cisco Webex LLC","246","Webex Communications Inc","80","socks5","4703","82","2023-09-30T02:01:45.543Z","99","3976","4020"
"69.163.160.197","elite","AS26347","US","New Dream Network, LLC","151","New Dream Network, LLC","1645","socks4","5104","1","2023-09-30T02:01:45.545Z","100","4124","4125"
"173.212.206.86","elite","AS51167","DE","Contabo GmbH","19","Contabo GmbH","55405","socks5","5100","1","2023-09-30T02:01:45.549Z","100","3983","3988"
"206.189.9.30","elite","AS14061","NL","DigitalOcean, LLC","94","DigitalOcean, LLC","42331","socks5","4198","86","2023-09-30T02:01:42.043Z","100","4034","4036"
"113.231.150.20","elite","AS4837","CN","CNC Group CHINA169 Liaoning Province Network","194","N/A","1080","socks4","5089","1","2023-09-30T02:01:42.042Z","64","2612","4062"
"177.125.206.40","elite","AS262346","BR","FP Telecomunicacoes Ltda","201","FP Telecomunicacoes Ltda","4145","socks4","5102","1","2023-09-30T02:01:41.586Z","83","3361","4053"
"103.140.205.133","elite","AS139282","BD","Novus Network","204","Md. Riduanul Kabir","1080","socks4","4600","1","2023-09-30T02:01:41.584Z","74","3034","4121"
"62.179.9.19","elite","AS6830","PL","UPC Poland","35","N/A","5678","socks5","4014","1","2023-09-30T02:01:41.583Z","100","4030","4038"
"103.35.108.145","elite","AS23991","BD","Ranks ITT","179","Ranks ITT Ltd.","4145","socks5","1593","1","2023-09-30T02:01:40.280Z","99","4074","4104"
"155.0.202.254","elite","AS37532","ZM","Zambia Research and Education Network","288","Zambia Research and Education Network","51327","socks4","4907","1","2023-09-30T02:01:40.282Z","89","3654","4123"
"188.255.244.53","elite","AS52116","RS","Orion Telekom ISP IP Network in Subotica","93","Orion Telekom Tim d.o.o.Beograd","1080","socks4","1999","1","2023-09-30T02:01:40.281Z","100","4003","4019"
"115.242.252.174","elite","AS55836","IN","Reliance Jio Infocomm Limited","138","Reliance Jio Infocomm Limited","4153","socks4","458","1","2023-09-30T02:01:38.446Z","80","3345","4158"
"182.253.166.170","elite","AS17451","ID","BIZNET","193","N/A","5678","socks4","4794","1","2023-09-30T02:01:38.445Z","98","4068","4151"
"45.15.170.94","elite","AS44477","US","Stark Industries Solutions LTD","98","Ithostline LTD","32768","socks4","5099","1","2023-09-30T02:01:38.541Z","94","3781","4027"
"88.20.124.158","elite","AS3352","ES","Telefonica de Espana SAU","32","RIMA (Red IP Multi Acceso)","4145","socks4","2598","1","2023-09-30T02:01:38.447Z","95","3910","4097"
"5.9.170.2","elite","AS24940","DE","Hetzner Online GmbH","26","Hetzner","30000","socks4","4990","1","2023-09-30T02:01:38.540Z","100","4060","4063"
"138.201.140.125","elite","AS24940","DE","Hetzner Online GmbH","99","Hetzner","15976","socks5","245","1","2023-09-30T02:01:38.440Z","100","4087","4087"
"203.22.223.12","elite","AS209242","CY","Cloudflare London, LLC","11","Lachtaristo Holdings Limited","80","socks4","4996","1","2023-09-30T02:01:34.942Z","100","4042","4042"
"81.91.157.134","elite","AS206065","IR","Farabord Dadeh Haye Iranian Co.","97","N/A","5678","socks5","4399","1","2023-09-30T02:01:34.939Z","99","3990","4043"
"148.66.142.19","elite","AS26496","SG","GoDaddy.com, LLC","234","Godaddy.com","61481","socks5","4888","1","2023-09-30T02:01:34.941Z","100","4123","4131"
"146.120.160.148","elite","AS60754","UA","Dianet Ltd.","53","Dianet Ltd","5678","socks4","129","1","2023-09-30T02:01:34.936Z","97","4006","4134"
"103.79.35.124","elite","AS134331","IN","Smartlink Solutions Pvt. Ltd.","184","SIS","55267","socks4","4819","1","2023-09-30T02:01:34.945Z","46","1887","4141"
"114.99.13.48","elite","AS4134","CN","Chinanet","189","Chinanet AH","8004","socks4","2795","1","2023-09-30T02:01:34.946Z","55","2252","4059"
"178.18.248.104","elite","AS51167","DE","Contabo GmbH","14","Contabo GmbH","49153","socks4","4998","1","2023-09-30T02:01:31.050Z","100","4146","4153"
"80.26.55.178","elite","AS3352","ES","TDENET (Red de servicios IP)","30","N/A","3352","socks4","3997","1","2023-09-30T02:01:31.150Z","100","4059","4076"
"185.171.54.36","elite","AS44285","IR","Shahrad","192","N/A","4153","socks4","2200","1","2023-09-30T02:01:26.344Z","95","3919","4119"
"104.16.106.234","elite","AS13335","CA","Cloudflare, Inc.","2","Cloudflare, Inc.","80","socks4","4792","1","2023-09-30T02:01:26.340Z","100","4180","4181"
"195.201.147.185","elite","AS24940","DE","Hetzner Online GmbH","95","Hetzner","1080","socks4","5013","80","2023-09-30T02:01:26.342Z","100","4103","4122"
"143.110.240.94","elite","AS14061","IN","DigitalOcean, LLC","194","DigitalOcean, LLC","18093","socks4","2603","1","2023-09-30T02:01:26.432Z","99","4100","4139"
"103.79.96.205","elite","AS64308","ID","PT IndoDev Niaga Internet","195","PT IndoDev Niaga Internet","4153","socks4","5000","1","2023-09-30T02:01:25.091Z","100","4072","4080"
"95.217.201.196","elite","AS24940","FI","Hetzner Online GmbH","73","HETZNER-DC","10037","socks4","4801","1","2023-09-30T02:01:25.186Z","100","4144","4144"
"103.134.220.49","elite","AS138810","ID","PT GLOBAL MEDIA PRATAMA SOLUSINDO","195","N/A","8080","socks5","4998","1","2023-09-30T02:01:22.544Z","58","2354","4024"
"45.70.206.33","elite","AS267586","BR","Rafael Pierre Barbosa - Me","189","Rafael Pierre Barbosa - Me","4145","socks4","4701","1","2023-09-30T02:01:22.542Z","100","4111","4123"
"197.234.13.75","elite","AS36902","SC","Intelvision","168","Intelvision Ltd","4145","socks4","5000","1","2023-09-30T02:01:22.541Z","100","4043","4055"
"182.253.159.115","elite","AS17451","ID","BIZNET","290","N/A","5678","socks4","3990","1","2023-09-30T02:01:22.537Z","90","3648","4063"
"177.38.5.224","elite","AS52964","BR","FÁBIO MENDES DIAS LTDA ME","209","FÁBIO MENDES DIAS LTDA ME","4153","socks4","2504","1","2023-09-30T02:01:22.535Z","87","3525","4056"
"100.36.158.82","elite","AS701","US","Verizon Communications","88","MCI Communications Services, Inc. d/b/a Verizon Business","8888","socks5","5002","1","2023-09-30T02:01:22.538Z","100","4138","4140"
"182.52.70.117","elite","AS23969","TH","TOT Public Company Limited","183","TOT Public Company Limited","4145","socks4","4999","1","2023-09-30T02:01:22.540Z","100","4084","4095"
"185.47.48.109","elite","AS48359","IR","Hesabgar Pardaz Gharb PJSC","111","Hesabgar T","1025","socks4","700","1","2023-09-30T02:01:22.539Z","99","4039","4074"
"202.159.35.201","elite","AS9340","ID","PT IndoInternet","186","N/A","443","socks4","4213","1","2023-09-30T02:01:18.445Z","100","4089","4098"
"87.255.13.217","elite","AS35810","RU","BIG TELECOM CLOSED JSC","90","N/A","8080","socks4","4400","1","2023-09-30T02:01:18.446Z","100","4149","4160"
"203.24.109.80","elite","AS209242","BZ","Cloudflare London, LLC","11","Umpire Associates LTD","80","socks5","2099","2","2023-09-30T02:01:18.440Z","100","4058","4058"
"177.38.5.134","elite","AS52964","BR","F?BIO MENDES DIAS LTDA ME","209","FÁBIO MENDES DIAS LTDA ME","4153","socks4","4991","1","2023-09-30T02:01:14.245Z","97","3921","4044"
"202.129.52.172","elite","AS9931","TH","CAT Telecom Public Company Limited","184","CAT Northeast","4153","socks4","4602","1","2023-09-30T02:01:14.242Z","48","1987","4130"
"51.210.249.202","elite","AS16276","FR","OVH SAS","6","OVH","29439","socks4","792","2","2023-09-30T02:01:14.340Z","100","4070","4075"
"81.184.13.123","elite","AS6739","ES","Ono","39","AUNA - CTC, Internet de Banda Ampla, CableModem","80","socks4","4893","1","2023-09-30T02:01:14.240Z","100","4087","4103"
"167.99.201.165","elite","AS14061","GB","DigitalOcean, LLC","96","DigitalOcean, LLC","15956","socks5","804","1","2023-09-30T02:01:14.434Z","60","2431","4029"
"173.236.184.128","elite","AS26347","US","New Dream Network, LLC","79","New Dream Network, LLC","10654","socks4","1090","1","2023-09-30T02:01:14.243Z","100","3980","3988"
"45.4.85.150","elite","AS262234","HN","Asociacion De Servicio De Internet S. De RL","126","CIBERNET S. de RL de CV","5678","socks4","4709","1","2023-09-30T02:01:10.246Z","100","4108","4116"
"109.125.128.71","elite","AS49100","IR","PTS-Network","183","N/A","5678","socks4","3205","80","2023-09-30T02:01:10.082Z","77","3158","4108"
"201.65.121.66","elite","AS4230","BR","Claro S.A.","234","Claro S.A","4145","socks4","5390","1","2023-09-30T02:01:10.080Z","93","3855","4152"
"157.245.206.70","elite","AS14061","SG","DigitalOcean, LLC","185","DigitalOcean, LLC","10802","socks5","2891","2","2023-09-30T02:01:10.083Z","94","3730","3987"
"103.136.127.140","elite","AS48024","SG","Nerocloud LTD","157","Internet Keeper Global (Singapore) Pte Ltd","40000","socks5","4998","1","2023-09-30T02:01:10.082Z","82","3405","4134"
"178.141.249.246","elite","AS8359","RU","MTS PJSC","94","MTS KRV ETH","8081","socks5","2602","1","2023-09-30T02:01:10.348Z","99","4001","4025"
"110.76.129.30","elite","AS59362","BD","KS Network Limited","192","N/A","5678","socks4","3906","1","2023-09-30T02:01:10.248Z","99","4108","4151"
"103.214.112.86","elite","AS136052","ID","PT Cloud Hosting Indonesia","288","PT Denbe Anugerah Solusindo","32323","socks5","5007","1","2023-09-30T02:01:10.080Z","47","1916","4064"
"51.91.151.47","elite","AS16276","FR","OVH SAS","8","OVH","53341","socks5","4897","1","2023-09-30T02:01:10.082Z","100","4115","4115"
"187.155.218.135","elite","AS8151","MX","Uninet S.A. de C.V.","143","Uninet S.A. de C.V.","8081","socks5","5110","1","2023-09-30T02:01:10.250Z","90","3743","4142"
"101.109.19.13","elite","AS23969","TH","TOT Public Company Limited","186","TOT Public Company Limited","8080","socks5","5000","1","2023-09-30T02:01:10.334Z","29","1154","4014"
"103.102.136.69","elite","AS137029","BD","Chittagong multi channel limited","200","Nizam Uddin Mazud","5678","socks4","2811","1","2023-09-30T02:01:10.245Z","98","3879","3942"
"186.94.94.31","elite","AS8048","VE","CANTV Servicios, Venezuela","206","CANTV Servicios, Venezuela","9064","socks4","505","83","2023-09-30T02:01:08.688Z","10","413","4131"
"203.24.102.178","elite","AS209242","VG","Cloudflare London, LLC","15","Anaga Consulting Limited","80","socks4","4804","1","2023-09-30T02:01:08.689Z","100","4037","4037"
"197.234.13.6","elite","AS36902","SC","Intelvision","190","Intelvision Ltd","4145","socks4","5193","2","2023-09-30T02:01:08.686Z","100","4040","4054"
"95.182.121.73","elite","AS202984","RU","Chernyshov Aleksandr Aleksandrovich","49","Ildar Gilmutdinov PE","62134","socks5","4090","1","2023-09-30T02:01:06.448Z","20","802","4032"
"31.204.28.96","elite","AS209372","US","SIA \"Singularity Telecom\"","92","Popov Andry Vasilievich","5432","socks5","5001","1","2023-09-30T02:01:06.439Z","100","4080","4094"
"190.103.29.101","elite","AS264628","VE","CORPORACION FIBEX TELECOM, C.A.","182","N/A","4145","socks4","5004","1","2023-09-30T02:01:06.435Z","97","4041","4156"
"112.194.89.99","elite","AS4837","CN","China Unicom CHINA169 Sichuan Province Network","277","N/A","44313","socks5","4801","1","2023-09-30T02:01:06.434Z","66","2686","4068"
"135.181.140.215","elite","AS24940","FI","Hetzner Online GmbH","93","Hetzner","43491","socks4","5005","1","2023-09-30T02:01:02.735Z","99","4163","4186"
"180.183.158.136","elite","AS45629","TH","Triple T Broadband Public Company Limited","190","Triple T Broadband Public Company Limited","5678","socks4","4511","1","2023-09-30T02:01:02.638Z","97","4020","4150"
"80.235.239.130","elite","AS5089","GB","TalkTalk","28","Pccw Global Networks  UK  PLC","1080","socks4","5093","1","2023-09-30T02:01:02.734Z","96","3987","4149"
"61.247.180.182","elite","AS38031","BD","Optimax Communication Ltd.","198","OptiMax Communication Ltd","10800","socks4","4905","1","2023-09-30T02:01:02.633Z","100","4139","4157"
"58.220.69.212","elite","AS137697","CN","CHINATELECOM JiangSu YangZhou IDC networkdescr: YangZhou, Jiangsu Province, P.","185","Chinanet JS","26589","socks5","4798","1","2023-09-30T02:01:02.642Z","84","3372","4003"
"167.249.254.70","elite","AS28408","MX","Gdlicanet, S.A. de C.V.","129","Gdlicanet, S.A. de C.V.","1080","socks4","1811","1","2023-09-30T02:01:02.641Z","100","4038","4050"
"172.67.3.108","elite","AS13335","CA","Cloudflare, Inc.","2","Cloudflare, Inc.","80","socks4","4985","1","2023-09-30T02:01:02.551Z","100","4039","4039"
"222.95.242.184","elite","AS4134","CN","Chinanet","200","Chinanet JS","23456","socks5","5090","1","2023-09-30T02:01:02.634Z","52","2108","4070"
"121.230.209.19","elite","AS4134","CN","Chinanet","199","Chinanet JS","3256","socks4","4897","1","2023-09-30T02:00:58.645Z","72","2935","4082"
"185.56.246.76","elite","AS41026","PL","KOPnet S.C. Marek Szczudlo Juliusz Kostrzewski","95","Kopnet","8291","socks4","4712","1","2023-09-30T02:00:58.642Z","99","4126","4172"
"107.174.121.140","elite","AS36352","US","ColoCrossing","192","RackNerd LLC","3128","socks4","4804","1","2023-09-30T02:00:58.742Z","70","2806","3984"
"178.253.208.146","elite","AS9125","RS","Orion Telekom users in Kraljevo","41","N/A","1080","socks4","5011","1","2023-09-30T02:00:58.646Z","99","3874","3894"
"51.89.16.111","elite","AS16276","GB","OVH SAS","11","OVH","49528","socks4","2089","1","2023-09-30T02:00:54.751Z","100","4024","4026"
"41.79.138.85","elite","AS37395","BW","Abari Communications","199","N/A","5678","socks4","3201","1","2023-09-30T02:00:54.736Z","96","3982","4134"
"103.95.97.186","elite","AS136759","BD","Cosmopolitan Communications Limited","198","Cosmopolitan Communications Limited","31244","socks4","5101","1","2023-09-30T02:00:54.650Z","98","4048","4127"
"143.255.249.74","elite","AS61468","EC","CEDIA","165","Universidad Tecnologica Israel","7497","socks5","4895","1","2023-09-30T02:00:54.649Z","95","3885","4083"
"111.199.70.169","elite","AS4808","CN","China Unicom Beijing Province Network","179","N/A","1080","socks5","164","1","2023-09-30T02:00:54.736Z","70","2881","4108"
"115.226.236.58","elite","AS4134","CN","Chinanet","294","N/A","3000","socks4","4399","1","2023-09-30T02:00:54.734Z","19","779","4089"
"104.18.65.115","elite","AS13335","CA","Cloudflare, Inc.","2","Cloudflare, Inc.","2105","socks4","5092","1","2023-09-30T02:00:54.737Z","100","4083","4083"
"91.233.75.141","elite","AS57592","PL","Syrion Sp. z o.o.","63","Syrion Sp. z o.o","5678","socks4","3106","1","2023-09-30T02:00:53.491Z","97","3935","4066"
"94.130.184.102","elite","AS24940","DE","Hetzner Online GmbH","21","Hetzner","10015","socks5","4197","1","2023-09-30T02:00:53.584Z","95","3824","4027"
"31.223.22.21","elite","AS12735","TR","TurkNet Iletisim Hizmetleri A.S.","64","TurkNet Iletisim Hizmetleri","1080","socks4","4790","1","2023-09-30T02:00:53.490Z","99","4040","4087"
"197.234.13.88","elite","AS36902","SC","Intelvision","198","Intelvision Ltd","4145","socks4","5190","1","2023-09-30T02:00:53.487Z","100","4059","4079"
"175.173.221.229","elite","AS4837","CN","China Unicom Liaoning Province Network","196","N/A","28643","socks4","4514","1","2023-09-30T02:00:50.739Z","60","2376","3949"
"8.42.68.109","elite","AS399869","US","Mountain Broadband","118","Level 3, LLC","39593","socks4","5096","1","2023-09-30T02:00:50.650Z","100","4084","4088"
"197.234.13.16","elite","AS36902","SC","Intelvision","200","Intelvision Ltd","4145","socks4","5093","1","2023-09-30T02:00:50.738Z","100","4060","4072"
"119.81.194.52","elite","AS36351","SG","SoftLayer","200","Long Tech Network Limited","12315","socks4","3501","1","2023-09-30T02:00:50.733Z","100","4069","4070"
"186.201.31.189","elite","AS10429","BR","Vivo","284","TELEF�NICA BRASIL S.A","4145","socks4","5090","1","2023-09-30T02:00:50.734Z","98","4019","4102"
"208.113.153.30","elite","AS26347","US","New Dream Network, LLC","80","New Dream Network, LLC","46293","socks5","4799","1","2023-09-30T02:00:46.651Z","100","4104","4109"
"31.129.84.15","elite","AS51069","UA","Dnepronet Ltd.","53","Dnepronet Ltd","5678","socks4","4710","1","2023-09-30T02:00:46.648Z","93","3816","4089"
"185.200.38.235","elite","AS202561","TR","High Speed Telekomunikasyon ve Hab. Hiz. Ltd. Sti.","68","High Speed Telekomunikasyon ve Hab. Hiz. Ltd. Sti","10820","socks5","4910","1","2023-09-30T02:00:46.748Z","54","2226","4128"
"103.47.93.196","elite","AS134058","IN","Broban Internet Services Pvt.ltd","167","Broban  PVT Ltd.","1080","socks4","272","1","2023-09-30T02:00:46.647Z","99","4149","4177"
"176.103.51.24","elite","AS48031","UA","Ivanov Vitaliy Sergeevich","51","XServer","30421","socks5","4711","1","2023-09-30T02:00:42.148Z","72","2992","4173"
"38.127.173.99","elite","AS174","US","Cogent Communications","79","Torlandia Trading SRL","11537","socks5","708","1","2023-09-30T02:00:42.335Z","100","4014","4022"
"45.79.230.234","elite","AS63949","US","Akamai Technologies, Inc.","188","Linode","443","socks4","5017","1","2023-09-30T02:00:42.147Z","100","4110","4115"
"91.192.24.97","elite","AS200100","IT","T&T Tecnologie e Telecomunicazioni Srl","92","MT Mechanical Trading S.R.L","4153","socks4","2200","1","2023-09-30T02:00:42.139Z","87","3466","4000"
"198.251.79.65","elite","AS8560","US","IONOS SE","108","IONOS Inc","3128","socks4","5002","82","2023-09-30T02:00:42.145Z","100","4149","4149"
"103.228.246.129","elite","AS59282","ID","PT Giga Patra Multimedia","182","GPM Lampungtimur Area","5678","socks4","4794","1","2023-09-30T02:00:42.136Z","98","4036","4120"
"154.19.185.66","elite","AS149042","US","SICLOUD INFORMATION TECHNOLOGY (HONGKONG) CO., LIMITED","144","SICLOUD INFORMATION TECHNOLOGY (HONGKONG) CO., LIMITED","18825","socks5","5101","1","2023-09-30T02:00:38.686Z","96","3901","4065"
"165.22.58.191","elite","AS14061","SG","DigitalOcean, LLC","198","DigitalOcean, LLC","42311","socks5","4800","1","2023-09-30T02:00:37.194Z","94","3892","4157"
"103.121.62.133","elite","AS138146","BD","North Bengal Online","193","North Bengal Online","5678","socks4","510","2","2023-09-30T02:00:37.279Z","99","4085","4126"
"190.0.22.34","elite","AS13489","CO","EPM Telecomunicaciones S.A. E.S.P.","186","EPM Telecomunicaciones S.A. E.S.P","61155","socks4","4888","1","2023-09-30T02:00:37.276Z","99","4083","4126"
"31.170.17.141","elite","AS42099","LV","DNET ITRisinajumi Ltd.","45","Sia Nano IT","4153","socks4","5090","1","2023-09-30T02:00:37.278Z","100","4147","4157"
"43.130.199.69","elite","AS132203","CA","Shenzhen Tencent Computer Systems Company Limited","94","Tencent Cloud Computing","443","socks5","4899","1","2023-09-30T02:00:37.279Z","85","3469","4101"
"124.121.95.244","elite","AS17552","TH","TRUEBB","175","N/A","8080","socks4","795","1","2023-09-30T02:00:37.640Z","64","2561","3991"
"110.78.146.161","elite","AS131090","TH","CAT-BB","253","N/A","4145","socks4","4812","1","2023-09-30T02:00:37.193Z","88","3528","4006"
"104.16.105.146","elite","AS13335","CA","Cloudflare, Inc.","2","Cloudflare, Inc.","80","socks4","5102","1","2023-09-30T02:00:37.644Z","100","3993","3993"
"131.221.43.82","elite","AS262186","CO","TV AZTECA SUCURSAL COLOMBIA","193","N/A","8080","socks4","4998","1","2023-09-30T02:00:37.639Z","99","3985","4027"
"103.47.94.34","elite","AS134058","IN","Broban Internet Services Pvt.ltd","174","Broban  PVT Ltd.","1080","socks4","4997","1","2023-09-30T02:00:34.035Z","99","4034","4063"
"161.35.125.167","elite","AS14061","US","DigitalOcean, LLC","85","DigitalOcean, LLC","7497","socks5","4999","1","2023-09-30T02:00:34.049Z","100","4170","4183"
"106.52.240.130","elite","AS45090","CN","Shenzhen Tencent Computer Systems Company Limited","212","Tencent cloud computing (Beijing) Co., Ltd.","2080","socks4","4908","1","2023-09-30T02:00:33.951Z","66","2688","4047"
"89.237.33.65","elite","AS20485","RU","multi-origin SUTTK","77","N/A","51549","socks4","5109","82","2023-09-30T02:00:33.948Z","99","4044","4085"
"138.36.151.11","elite","AS263729","AR","Pedraza Luis Eduardo","241","Pedraza Luis Eduardo","8090","socks5","5006","1","2023-09-30T02:00:33.945Z","100","4094","4112"
"23.225.129.132","elite","AS132839","US","POWER LINE (HK) CO., LIMITED","205","CloudRadium L.L.C","39877","socks4","5102","1","2023-09-30T02:00:30.233Z","99","4038","4093"
"128.65.176.170","elite","AS43754","IR","Asiatech Data Transmission company","144","Asiatech Data Transmission Co.","80","socks5","502","82","2023-09-30T02:00:30.237Z","94","3824","4072"
"111.53.178.249","elite","AS56042","CN","China Mobile communications corporation","311","China Mobile","7302","socks5","5096","1","2023-09-30T02:00:30.234Z","84","3398","4063"
"185.208.172.27","elite","AS202269","DE","BitCommand","18","BitCommand LLC","10204","socks4","2398","1","2023-09-30T02:00:30.248Z","47","1916","4076"
"118.174.209.124","elite","AS23969","TH","TOT Public Company Limited","192","TOT Public Company Limited","4145","socks4","4704","1","2023-09-30T02:00:30.236Z","50","2042","4055"
"116.206.61.179","elite","AS59316","BD","aamra Outsourcing Ltd.","288","aamra Outsourcing Ltd","5678","socks4","5000","1","2023-09-30T02:00:30.148Z","95","3910","4116"
"186.251.255.113","elite","AS267513","BR","Seanet Telecom Carazinho Eireli","284","Seanet Telecom Carazinho Eireli","31337","socks4","4299","1","2023-09-30T02:00:30.150Z","100","4013","4033"
"45.233.3.1","elite","AS267303","BR","Centro Oeste Provedor","214","Centro Oeste Provedor","4153","socks4","4806","1","2023-09-30T02:00:30.235Z","99","4116","4155"
"213.5.17.84","elite","AS44724","RU","USSURIYSK-OCTOPUSNET","193","Octopusnet LTD","1080","socks5","5198","82","2023-09-30T02:00:26.243Z","92","3784","4105"
"173.212.250.16","elite","AS51167","DE","Contabo GmbH","19","Contabo GmbH","37712","socks4","207","1","2023-09-30T02:00:26.339Z","100","3980","3980"
"196.43.97.114","elite","AS37183","ZW","AfOL-Zw","194","N/A","5678","socks4","5194","1","2023-09-30T02:00:26.239Z","98","4046","4146"
"103.124.136.138","elite","AS138089","ID","Global Media Data Prima","298","N/A","3125","socks5","81","2","2023-09-30T02:00:26.238Z","87","3518","4029"
"175.106.10.226","elite","AS46023","ID","Quantum Dist POP GC","197","N/A","43579","socks4","5010","1","2023-09-30T02:00:22.742Z","73","2933","4030"
"116.118.98.9","elite","AS7602","VN","SPT","294","N/A","5678","socks4","5103","1","2023-09-30T02:00:22.745Z","95","3936","4127"
"198.98.61.133","elite","AS53667","US","FranTech Solutions","99","FranTech Solutions","30900","socks4","4795","1","2023-09-30T02:00:22.744Z","100","4134","4140"
"31.170.19.5","elite","AS42099","LV","DNET ITRisinajumi Ltd.","89","Sia Nano IT","4153","socks4","5087","1","2023-09-30T02:00:22.746Z","100","4103","4111"
"217.12.201.56","elite","AS21100","NL","ITL LLC","95","Green Floid LLC","11337","socks5","5003","1","2023-09-30T02:00:22.836Z","100","4157","4165"
"159.192.140.230","elite","AS131090","TH","CAT-BB","308","N/A","5678","socks4","5085","1","2023-09-30T02:00:21.892Z","98","3932","4015"
"45.196.151.43","elite","AS7018","US","AT&T Services, Inc.","86","AQUA Networks Limited","5432","socks4","4896","85","2023-09-30T02:00:21.891Z","98","3907","3994"
"168.119.209.189","elite","AS24940","DE","Hetzner Online GmbH","23","Hetzner","60006","socks5","4903","1","2023-09-30T02:00:21.986Z","100","4099","4099"
"194.6.233.122","elite","AS33927","UA","Ukrmirkom LTD","92","Specavtomatica Ltd","3629","socks4","5084","78","2023-09-30T02:00:18.746Z","99","4086","4144"
"43.250.81.154","elite","AS58689","BD","ICC Communication","284","N/A","34432","socks4","4996","1","2023-09-30T02:00:18.747Z","76","3149","4159"
"104.21.66.184","elite","AS13335","CA","Cloudflare, Inc.","2","Cloudflare, Inc.","80","socks5","5106","1","2023-09-30T02:00:18.741Z","100","4006","4006"
"103.10.210.17","elite","AS45804","IN","Meghbela Broadband","195","Meghbela Cable & Broadband Services (P) Ltd","44550","socks4","4695","1","2023-09-30T02:00:18.749Z","99","4116","4162"
"159.69.43.215","elite","AS24940","DE","Hetzner Online GmbH","99","Hetzner","22139","socks5","3507","1","2023-09-30T02:00:18.933Z","100","4010","4016"
"140.250.147.114","elite","AS4134","CN","Chinanet","227","Chinanet SD","1080","socks4","4914","1","2023-09-30T02:00:18.745Z","73","3018","4109"
"70.60.230.8","elite","AS11426","US","Spectrum","98","Fastlink Communications Inc","34116","socks4","2606","1","2023-09-30T02:00:15.044Z","100","4119","4131"
"45.8.105.194","elite","AS209242","DE","Cloudflare London, LLC","82","Araxio Development N.V","80","socks4","418","1","2023-09-30T02:00:15.033Z","100","4011","4011"
"139.59.61.117","elite","AS14061","IN","DigitalOcean, LLC","128","DigitalOcean, LLC","18717","socks4","2905","1","2023-09-30T02:00:14.946Z","70","2873","4076"
"154.113.161.1","elite","AS37282","NG","Mainone Cable Company","129","Mainone Cable Company","5678","socks4","4908","1","2023-09-30T02:00:14.947Z","100","4119","4130"
"45.112.125.53","elite","AS58369","ID","FIBERNET","189","N/A","4145","socks4","5295","1","2023-09-30T02:00:14.950Z","99","4011","4048"
"93.171.224.55","elite","AS211570","UA","PE TV and Radio Company Kentavr-TV","93","PE TV and Radio Company Kentavr-TV","4153","socks4","5096","1","2023-09-30T02:00:14.949Z","99","4179","4205"
"47.49.228.234","elite","AS20115","US","Charter Communications","186","Spectrum","80","socks5","4887","1","2023-09-30T02:00:11.136Z","99","3964","3990"
"197.234.13.49","elite","AS36902","SC","Intelvision","163","Intelvision Ltd","4145","socks4","4812","1","2023-09-30T02:00:11.045Z","100","4056","4071"
"200.212.2.71","elite","AS4230","BR","Claro S.A.","284","Claro S.A","61283","socks4","5106","1","2023-09-30T02:00:11.133Z","99","4070","4099"
"104.197.84.43","elite","AS396982","US","Google LLC","106","Google Cloud (us-central1)","80","socks5","5194","1","2023-09-30T02:00:11.044Z","100","4127","4127"
"179.191.12.97","elite","AS265440","BR","Telnet Sistemas e Comunicações","206","Telnet Sistemas e Comunicações","4153","socks4","3302","1","2023-09-30T02:00:11.134Z","97","4068","4183"
"50.47.75.218","elite","AS20055","US","Wholesail networks LLC","193","Ziply Fiber","5678","socks4","5092","1","2023-09-30T02:00:07.345Z","98","4101","4193"
"165.154.235.178","elite","AS142002","US","Scloud Pte Ltd","188","Scloud Pte Ltd","14200","socks4","5084","1","2023-09-30T02:00:07.239Z","46","1897","4120"
"45.70.204.21","elite","AS267586","BR","Rafael Pierre Barbosa - Me","158","Rafael Pierre Barbosa - Me","4145","socks4","4692","1","2023-09-30T02:00:07.243Z","100","4048","4053"
"120.24.194.9","elite","AS37963","CN","Hangzhou Alibaba Advertising Co","214","Aliyun Computing Co., LTD","19009","socks5","4897","1","2023-09-30T02:00:07.241Z","82","3323","4071"
"54.37.75.103","elite","AS16276","DE","OVH SAS","11","OVH GmbH","11419","socks4","4987","1","2023-09-30T02:00:07.343Z","100","4072","4072"
"114.219.104.31","elite","AS4134","CN","Chinanet","190","Chinanet JS","10001","socks4","4602","1","2023-09-30T02:00:07.247Z","57","2377","4158"
"103.80.118.242","elite","AS135834","IN","Multicraft Digital Technologies Private Limited","195","Multicraft Digital Technologies Private Limited","51080","socks5","2013","2","2023-09-30T02:00:06.176Z","86","3552","4113"
"43.246.143.250","elite","AS134294","IN","R P World Telecom Pvt Ltd","162","R P World Telecom Pvt Ltd","9999","socks4","420","1","2023-09-30T02:00:06.178Z","98","4108","4171"
"143.95.103.43","elite","AS46606","US","Unified Layer","132","Athenix Inc","60088","socks4","5092","1","2023-09-30T02:00:04.775Z","92","3777","4089"
"111.172.234.244","elite","AS138982","CN","China Telecom","282","Chinanet HB","23456","socks5","5001","1","2023-09-30T02:00:04.694Z","79","3237","4084"
"45.126.168.81","elite","AS134014","IN","NET 4 U SERVICES PVT LTD","198","NET 4 U Services PVT LTD","4145","socks4","4218","1","2023-09-30T02:00:04.774Z","99","4100","4136"
"103.47.93.234","elite","AS134058","IN","Broban Internet Services Pvt.ltd","149","Broban  PVT Ltd.","1080","socks4","1604","1","2023-09-30T02:00:02.342Z","99","4081","4107"
"195.110.38.190","elite","AS48715","IR","Sefroyek Pardaz Engineering Co. LTD","95","Sefroyek Pardaz Engineering Co. LTD","1080","socks5","3801","1","2023-09-30T02:00:02.633Z","24","956","4046"
"197.234.13.10","elite","AS36902","SC","Intelvision","192","Intelvision Ltd","4145","socks4","4996","3","2023-09-30T02:00:02.347Z","100","4082","4097"
"171.100.22.133","elite","AS17552","TH","True Internet Corporation CO. Ltd.","186","Truenet CM","5678","socks4","4996","1","2023-09-30T01:59:58.336Z","84","3412","4075"
"186.46.166.50","elite","AS28006","EC","Corporacion Nacional De Telecomunicaciones - CNT EP","201","Corporacion Nacional De Telecomunicaciones - CNT EP","5678","socks4","5095","2","2023-09-30T01:59:58.338Z","95","3876","4094"
"185.220.87.150","elite","AS205375","ES","Jose Antonio Ruiz Zamore","43","N/A","4153","socks4","4806","1","2023-09-30T01:59:58.348Z","99","4098","4138"
"149.20.253.66","elite","AS18615","US","Mainstream Fiber Networks, LLC","101","Mainstream Fiber Networks, LLC","12551","socks4","4611","1","2023-09-30T01:59:58.335Z","100","4057","4066"
"2.197.124.172","elite","AS16232","IT","Telecom Italia Mobile","98","N/A","4153","socks4","2806","1","2023-09-30T01:59:58.250Z","96","3850","3990"
"82.117.204.174","elite","AS31042","RS","Serbia BroadBand","79","N/A","5678","socks4","5598","1","2023-09-30T01:59:54.350Z","100","4086","4106"
"103.214.156.40","elite","AS135339","BD","Fuad Muhammad Shorfuddin","165","N/A","5678","socks4","5400","82","2023-09-30T01:59:54.250Z","87","3580","4093"
"202.159.35.161","elite","AS9340","ID","PT IndoInternet","191","N/A","443","socks4","2298","1","2023-09-30T01:59:54.245Z","100","4135","4144"
"5.180.100.24","elite","AS41813","UA","LLC ONLINETELECOM","58","LLC ONLINETELECOM","5678","socks4","4908","1","2023-09-30T01:59:54.250Z","91","3731","4092"
"176.74.118.133","elite","AS34797","GE","EGRISI","96","Systemnet LTD","5678","socks4","4701","1","2023-09-30T01:59:54.336Z","99","4061","4093"
"202.146.228.254","elite","AS9326","ID","PT Centrin Utama","200","Centrin","8088","socks4","3494","1","2023-09-30T01:59:54.334Z","99","4133","4157"
"8.219.150.127","elite","AS45102","SG","Alibaba (US) Technology Co., Ltd.","381","Alibaba.com Singapore E-Commerce Private Limited","443","socks5","5009","1","2023-09-30T01:59:54.247Z","11","470","4089"
"181.88.73.150","elite","AS7303","AR","Telecom Argentina S.A","295","Telecom Acceso","5678","socks4","4710","1","2023-09-30T01:59:54.249Z","100","4042","4056"
"84.51.0.199","elite","AS34984","TR","Superonline Iletisim Hizmetleri A.S.","57","Siba Bilisim Telekominikasyon Elektronik Ithalat Ihracat Limited","4145","socks4","5096","1","2023-09-30T01:59:54.433Z","100","4158","4160"
"45.70.204.233","elite","AS267586","BR","Rafael Pierre Barbosa - Me","197","Rafael Pierre Barbosa - Me","4145","socks4","4898","1","2023-09-30T01:59:54.246Z","100","4093","4103"
"120.46.137.97","elite","AS55990","CN","Huawei Cloud Service data center","156","Huawei Cloud Service","8080","socks5","4804","1","2023-09-30T01:59:50.542Z","79","3247","4106"
"207.180.213.101","elite","AS51167","DE","Contabo GmbH","19","Contabo GmbH","7497","socks5","5102","1","2023-09-30T01:59:50.542Z","55","2228","4054"
"103.94.133.91","elite","AS136128","ID","PT CITRA AKSES INDONUSA","183","PT CITRA AKSES INDONUSA","4153","socks4","5106","1","2023-09-30T01:59:50.539Z","98","4046","4122"
"103.19.129.137","elite","AS132566","IN","Skynet Internet Broadband Pvt. Ltd","192","N/A","83","socks4","488","1","2023-09-30T01:59:50.546Z","99","4034","4091"
"103.26.247.102","elite","AS58717","BD","Summit Communications Limited","198","N/A","56707","socks4","4991","1","2023-09-30T01:59:50.545Z","99","4014","4043"
"110.78.148.87","elite","AS131090","TH","CAT-BB","289","N/A","4145","socks4","4991","1","2023-09-30T01:59:49.678Z","73","2987","4096"
"139.255.86.226","elite","AS9905","ID","PT. LINKNET","198","N/A","5678","socks4","5000","1","2023-09-30T01:59:49.678Z","91","3775","4127"
"137.110.161.153","elite","AS7377","US","University of California, San Diego","142","University of California, San Diego","80","socks4","589","1","2023-09-30T01:59:49.681Z","100","4064","4067"
"197.234.13.24","elite","AS36902","SC","Intelvision","168","Intelvision Ltd","4145","socks4","5105","1","2023-09-30T01:59:46.250Z","100","4066","4080"
"60.223.244.119","elite","AS4837","CN","China Unicom China169 Network","287","N/A","10800","socks4","4994","1","2023-09-30T01:59:46.337Z","84","3356","3972"
"193.8.87.43","elite","AS197698","CZ","D-H-T SYSTEMS s.r.o.","96","D-H-T SYSTEMS s.r.o","4444","socks4","280","1","2023-09-30T01:59:46.333Z","100","4028","4031"
"180.183.140.141","elite","AS45629","TH","Triple T Broadband Public Company Limited","176","Triple T Broadband Public Company Limited","8080","socks5","2603","1","2023-09-30T01:59:46.248Z","94","3823","4056"
"5.181.252.102","elite","AS44128","RU","INTERNET-PRO","77","N/A","7497","socks5","5194","1","2023-09-30T01:59:46.337Z","54","2255","4160"
"104.16.108.42","elite","AS137554","CA","Cloudflare, Inc.","2","Cloudflare, Inc.","80","socks4","5098","1","2023-09-30T01:59:42.250Z","100","4064","4065"
"49.51.27.198","elite","AS132203","CA","OPHL","98","Tencent cloud computing (Beijing) Co., Ltd.","443","socks5","4497","1","2023-09-30T01:59:42.335Z","80","3252","4067"
"177.136.124.45","elite","AS28186","BR","ITS TELECOMUNICACOES LTDA","200","ITS TELECOMUNICACOES LTDA","56113","socks4","5091","1","2023-09-30T01:59:42.336Z","82","3414","4153"
"157.245.62.1","elite","AS14061","SG","DigitalOcean, LLC","150","DigitalOcean, LLC","9050","socks4","5007","1","2023-09-30T01:59:42.333Z","100","4087","4103"
"103.210.35.40","elite","AS59151","ID","Diskominfo DIY","207","Bidang Layanan Teknologi dan Informasi Dinas Perhubungan","4145","socks4","5092","82","2023-09-30T01:59:42.244Z","97","4064","4171"
"208.113.155.176","elite","AS26347","US","New Dream Network, LLC","82","New Dream Network, LLC","12886","socks4","493","1","2023-09-30T01:59:42.249Z","100","4082","4089"
"170.233.27.207","elite","AS265085","BR","José Aderaldo de souza Fernandes","229","Linfortel Internet","26508","socks4","4992","1","2023-09-30T01:59:38.736Z","50","2046","4127"
"110.93.231.73","elite","AS38193","PK","TRANSWORLD ASSOCIATES (PVT) LIMITED","197","TW RO","5678","socks4","5093","1","2023-09-30T01:59:38.737Z","99","3986","4034"
"1.0.136.207","elite","AS23969","TH","TOT Public Company Limited","288","TOT Public Company Limited","4145","socks4","5107","1","2023-09-30T01:59:38.649Z","42","1703","4083"
"68.183.25.78","elite","AS14061","US","DigitalOcean, LLC","82","DigitalOcean, LLC","23017","socks5","4895","1","2023-09-30T01:59:38.735Z","100","4058","4067"
"103.35.108.206","elite","AS23991","BD","Ranks ITT","197","Ranks ITT Ltd.","4145","socks4","4905","1","2023-09-30T01:59:38.647Z","99","4113","4142"
"202.154.178.243","elite","AS9341","ID","PT Indonesia Comnets Plus","164","Jakarta1 Iconpln","5678","socks4","4900","1","2023-09-30T01:59:34.489Z","96","3984","4154"
"186.224.225.98","elite","AS53171","BR","Path Telecom S.A.","286","Path Telecom S.A","4145","socks4","4809","1","2023-09-30T01:59:34.544Z","100","4122","4138"
"167.86.76.187","elite","AS51167","DE","Contabo GmbH","16","Contabo GmbH","7497","socks5","4303","1","2023-09-30T01:59:34.541Z","69","2811","4085"
"186.211.105.202","elite","AS53062","BR","Ggnet Telecom Backbone","203","Ggnet Telecom Backbone","43573","socks4","5096","1","2023-09-30T01:59:34.539Z","99","4088","4132"
"85.92.183.37","elite","AS199335","GB","Talk Straight Ltd.","10","N/A","4145","socks4","4995","82","2023-09-30T01:59:34.639Z","100","4139","4143"
"202.124.43.254","elite","AS9902","KH","NeocomISP Limited","205","NeocomISP Limited","4145","socks4","4990","1","2023-09-30T01:59:34.543Z","99","4009","4030"
"203.76.103.117","elite","AS23688","BD","Link3 Technologies Limited","200","Corporate Subscriber","4145","socks4","4792","82","2023-09-30T01:59:34.546Z","97","4044","4174"
"116.58.232.99","elite","AS131090","TH","CAT-BB","292","N/A","4145","socks4","5189","1","2023-09-30T01:59:34.542Z","61","2485","4071"
"35.180.201.66","elite","AS16509","FR","Amazon Technologies Inc.","2","AWS EC2 (eu-west-3)","3128","socks4","5184","1","2023-09-30T01:59:33.278Z","100","4132","4132"
"81.12.124.86","elite","AS42337","IR","Respina Networks & Beyond PJSC","196","Respina Networks","5678","socks4","5095","1","2023-09-30T01:59:30.638Z","93","3752","4041"
"192.154.195.76","elite","AS64200","US","Vivid-hosting LLC","199","Vivid-hosting LLC","9000","socks5","4997","1","2023-09-30T01:59:30.637Z","100","3978","3984"
"203.23.103.127","elite","AS209242","BZ","Cloudflare London, LLC","11","Umpire Associates LTD","80","socks4","227","1","2023-09-30T01:59:30.634Z","100","4057","4057"
"104.156.225.134","elite","AS20473","US","The Constant Company","82","Vultr Holdings, LLC","10117","socks5","4597","1","2023-09-30T01:59:26.642Z","52","2139","4079"
"201.48.125.221","elite","AS16735","BR","ALGAR TELECOM S/A","283","ALGAR TELECOM S/A","4153","socks4","4809","1","2023-09-30T01:59:26.648Z","100","4154","4172"
"43.134.230.145","elite","AS132203","SG","Aceville Pte.ltd","323","N/A","443","socks5","5085","3","2023-09-30T01:59:26.646Z","96","3902","4076"
"103.79.96.173","elite","AS64308","ID","PT IndoDev Niaga Internet","182","PT IndoDev Niaga Internet","4153","socks4","4587","1","2023-09-30T01:59:26.644Z","100","4106","4122"
"37.193.227.108","elite","AS31200","RU","Novotelecom Ltd","94","Novotelecom ltd.","1080","socks5","4607","1","2023-09-30T01:59:26.649Z","85","3529","4142"
"103.66.233.153","elite","AS134014","IN","NET 4 U SERVICES","122","N/A","4145","socks4","4612","1","2023-09-30T01:59:22.346Z","99","4027","4052"
"8.39.228.129","elite","AS3356","US","Level 3 Communications, Inc.","120","Level 3, LLC","39593","socks4","4991","1","2023-09-30T01:59:22.433Z","99","4126","4155"
"45.8.104.168","elite","AS209242","DE","Cloudflare London, LLC","11","Araxio Development N.V","80","socks4","4997","1","2023-09-30T01:59:22.438Z","100","4097","4097"
"193.252.50.1","elite","AS3215","FR","Orange","10","N/A","3820","socks5","615","1","2023-09-30T01:59:22.448Z","96","3942","4122"
"103.105.55.4","elite","AS136873","ID","PT. Mega Artha Lintas Data","287","N/A","8181","socks5","3114","1","2023-09-30T01:59:22.349Z","98","4004","4073"
"113.161.248.125","elite","AS45899","VN","VietNam Post and Telecom Corporation","210","Vietnam Posts and Telecommunications Group","1080","socks4","4998","1","2023-09-30T01:59:22.435Z","96","3949","4132"
"202.4.107.70","elite","AS23956","BD","dhakaCom Limited","184","DhakaCom Limited","5678","socks4","4906","1","2023-09-30T01:59:22.349Z","99","3953","4012"
"194.26.224.250","elite","AS48031","UA","Ivanov Vitaliy Sergeevich","54","Proline IT Ltd","58503","socks4","5100","1","2023-09-30T01:59:22.449Z","100","4100","4117"
"183.89.180.128","elite","AS45629","TH","Triple T Broadband Public Company Limited","193","Triple T Broadband Public Company Limited","8080","socks4","226","1","2023-09-30T01:59:22.437Z","93","3672","3945"
"103.79.96.201","elite","AS64308","ID","PT IndoDev Niaga Internet","187","PT IndoDev Niaga Internet","4153","socks4","5197","1","2023-09-30T01:59:18.782Z","100","4132","4137"
"80.52.223.98","elite","AS5617","PL","Orange Polska Spolka Akcyjna","202","Orange Polska S.A.","5678","socks4","4193","1","2023-09-30T01:59:18.876Z","98","4012","4095"
"138.68.135.103","elite","AS14061","GB","DigitalOcean, LLC","14","DigitalOcean, LLC","3128","socks5","3400","1","2023-09-30T01:59:18.781Z","92","3720","4022"
"110.78.164.188","elite","AS131090","TH","CAT-BB","287","N/A","4153","socks4","208","1","2023-09-30T01:59:18.780Z","54","2259","4157"
"176.57.75.111","elite","AS199634","RU","Yedinaya Setevaya Kompaniya Ltd","48","Esknet","5678","socks4","1117","1","2023-09-30T01:59:18.782Z","99","4093","4139"
"212.200.149.242","elite","AS8400","RS","TELEKOM-SRBIJA","35","N/A","5678","socks4","4905","1","2023-09-30T01:59:17.441Z","91","3734","4122"
"107.148.246.128","elite","AS54600","US","PEG TECH INC","185","PEG TECH INC","3128","socks4","2183","1","2023-09-30T01:59:17.446Z","62","2569","4123"
"112.199.95.122","elite","AS9658","PH","Eastern Telecommunications Philippines, Inc.","299","Eastern Telecommunications Philippines, Inc","8080","socks4","5002","1","2023-09-30T01:59:17.444Z","100","4139","4151"
"202.124.46.65","elite","AS9902","KH","NeocomISP Limited","287","NeocomISP Limited","4145","socks4","5003","1","2023-09-30T01:59:17.441Z","100","4097","4109"
"192.154.194.99","elite","AS64200","US","Vivid-hosting LLC","138","Vivid-hosting LLC","9000","socks5","5092","1","2023-09-30T01:59:13.234Z","100","4022","4026"
"171.35.220.96","elite","AS4837","CN","China Unicom Jiangxi Province Network","194","N/A","9999","socks4","218","1","2023-09-30T01:59:13.235Z","44","1798","4107"
"103.76.188.97","elite","AS135758","IN","Alacriy Net System Service Private Limited","196","Alacriy Net System Service Private Limited","4153","socks4","1586","1","2023-09-30T01:59:09.038Z","100","4116","4133"
"82.115.21.188","elite","AS212552","DE","BitCommand","18","BitCommand LLC","1080","socks5","4798","1","2023-09-30T01:59:09.136Z","83","3334","4037"
"168.205.217.78","elite","AS264869","BR","SPEED MAX TELECOMUNICAÔÔES LTDA ME","291","SPEED MAX TELECOMUNICAÇÕES LTDA ME","4145","socks4","3592","1","2023-09-30T01:59:09.039Z","81","3232","3998"
"180.246.62.222","elite","AS7713","ID","PT. TELKOM INDONESIA","190","N/A","8080","socks4","4797","1","2023-09-30T01:59:09.037Z","85","3455","4058"
"181.117.128.38","elite","AS11664","AR","Techtel LMDS Comunicaciones Interactivas S.A.","265","AMX Argentina S.A","5678","socks4","3797","1","2023-09-30T01:59:08.951Z","100","4132","4133"
"135.181.79.170","elite","AS24940","FI","Hetzner Online GmbH","81","Hetzner","22679","socks4","1499","1","2023-09-30T01:59:05.140Z","96","3903","4057"
"119.10.177.90","elite","AS24530","ID","PT. Power Telecom Indonesia","293","Powertel","4145","socks4","4807","1","2023-09-30T01:59:05.043Z","96","3921","4103"
"54.38.72.186","elite","AS16276","GB","OVH SAS","9","OVH Ltd","16838","socks4","2217","1","2023-09-30T01:59:05.138Z","96","3915","4090"
"172.104.47.98","elite","AS63949","SG","Akamai Technologies","156","Linode","34503","socks4","1502","1","2023-09-30T01:59:05.037Z","99","4091","4115"
"36.83.78.197","elite","AS7713","ID","PT. TELKOM INDONESIA","201","N/A","8080","socks4","4799","1","2023-09-30T01:59:05.040Z","76","3063","4046"
"195.93.200.140","elite","AS44335","DE","nocyo GmbH","14","nocyo GmbH","80","socks4","5009","1","2023-09-30T01:59:05.045Z","82","3259","3978"
"43.153.108.126","elite","AS132203","US","Shenzhen Tencent Computer Systems Company Limited","192","Tencent Cloud Computing","443","socks5","2098","2","2023-09-30T01:59:04.081Z","72","2938","4109"
"168.138.162.66","elite","AS31898","SG","Oracle Corporation","314","Oracle Public Cloud","1080","socks4","4791","1","2023-09-30T01:59:04.082Z","68","2733","4009"
"195.210.172.46","elite","AS8359","RU","MTS PJSC","57","InterneyshenelHouse","58350","socks4","5001","1","2023-09-30T01:59:04.082Z","97","3937","4054"
"172.64.207.185","elite","AS13335","US","Cloudflare, Inc.","2","Cloudflare, Inc.","80","socks4","4998","1","2023-09-30T01:59:02.784Z","100","4005","4005"
"117.202.20.69","elite","AS9829","IN","BSNL Internet","150","NIB","1088","socks4","3993","1","2023-09-30T01:59:02.786Z","97","3895","4036"
"172.87.152.122","elite","AS11427","US","Spectrum","119","Laredo Executive INN","39593","socks4","5098","1","2023-09-30T01:59:02.784Z","99","4090","4115"
"110.78.149.110","elite","AS131090","TH","CAT-BB","299","N/A","4145","socks4","5090","1","2023-09-30T01:59:02.787Z","76","3125","4093"
"45.77.153.183","elite","AS20473","US","The Constant Company","82","Vultr Holdings, LLC","10284","socks4","4711","1","2023-09-30T01:59:01.038Z","93","3813","4108"
"149.202.23.207","elite","AS16276","ES","OVH SAS","5","Hekmatyar Koko","16379","socks5","4492","1","2023-09-30T01:59:01.039Z","100","4069","4072"
"103.199.97.17","elite","AS45804","IN","New Shivam Cable Network","154","N/A","39825","socks4","4805","1","2023-09-30T01:59:00.941Z","97","3900","4022"
"159.69.208.32","elite","AS24940","DE","Hetzner Online GmbH","89","Hetzner","12001","socks4","3191","1","2023-09-30T01:59:00.935Z","97","3916","4048"
"84.53.247.204","elite","AS34168","RU","Elcom ISP","72","OJSC Rostelecom","53281","socks4","4602","1","2023-09-30T01:59:00.939Z","99","4032","4053"
"170.238.180.21","elite","AS266331","BR","Global Net Informatica Ltda","215","Global Net Informatica Ltda","4145","socks4","4294","1","2023-09-30T01:59:00.942Z","99","4055","4096"
"101.42.116.41","elite","AS45090","CN","Shenzhen Tencent Computer Systems Company Limited","199","Tencent Cloud Computing (Beijing) Co., Ltd","10809","socks4","2179","1","2023-09-30T01:58:57.044Z","81","3321","4080"
"38.127.179.121","elite","AS174","US","Cogent Communications","79","Torlandia Trading SRL","11537","socks5","4806","1","2023-09-30T01:58:57.046Z","100","4039","4049"
"165.227.139.174","elite","AS14061","DE","DigitalOcean, LLC","29","DigitalOcean, LLC","53913","socks5","4691","1","2023-09-30T01:58:57.045Z","100","4077","4084"
"47.242.34.249","elite","AS45102","HK","Alibaba.com LLC","287","Hong Kong","33888","socks5","3690","1","2023-09-30T01:58:57.033Z","97","3872","4012"
"154.79.242.178","elite","AS36926","KE","Airtel KE Mobile & Fixed Internet","194","N/A","10801","socks4","4900","1","2023-09-30T01:58:56.946Z","93","3883","4188"
"197.232.36.85","elite","AS36866","KE","Jamii Telecommunications Limited","179","Faiba Enterprise","5678","socks4","1079","1","2023-09-30T01:58:56.944Z","99","4081","4138"
"43.157.32.230","elite","AS132203","DE","Aceville Pte.ltd","12","N/A","443","socks5","4889","82","2023-09-30T01:58:56.947Z","71","2850","4034"
"177.125.165.170","elite","AS262346","BR","FP Telecomunicacoes Ltda","204","FP Telecomunicacoes Ltda","4145","socks4","602","1","2023-09-30T01:58:56.942Z","67","2714","4074"
"192.241.205.63","elite","AS14061","US","DigitalOcean, LLC","194","Digital Ocean","60092","socks5","5001","1","2023-09-30T01:58:56.950Z","100","3973","3975"
"103.59.190.2","elite","AS58678","IN","Flash Broadband Pvt Ltd","140","Flash Broadband Pvt Ltd","56252","socks4","5099","82","2023-09-30T01:58:52.742Z","99","4038","4067"